{
  "palm_center": [
    0.4917331945310048,
    0.29369879729406023
  ],
  "fingertips": [
    [
      0.1372399440015339,
      0.025415949512335063
    ],
    [
      0.8522324943203546,
      0.015892139988525532
    ]
  ],
  "hand_type": "left",
  "extended_count": 0,
  "finger_states": [
    {
      "index": 0,
      "state": "half-bent",
      "distance_ratio": 0.9882695542706976
    },
    {
      "index": 1,
      "state": "half-bent",
      "distance_ratio": 1.0117304457293024
    }
  ]
}