{
  "palm_center": [
    0.4915365961626954,
    0.2914213084026875
  ],
  "fingertips": [
    [
      0.13711658599302842,
      0.023588482203429798
    ],
    [
      0.8546418886664516,
      0.013881602894565312
    ]
  ],
  "hand_type": "left",
  "extended_count": 0,
  "finger_states": [
    {
      "index": 0,
      "state": "half-bent",
      "distance_ratio": 0.9858105862559231
    },
    {
      "index": 1,
      "state": "half-bent",
      "distance_ratio": 1.014189413744077
    }
  ]
}